hashed_maid,lat,lon,list_poi_name,list_unique_geo_behaviour,many_geo_behaviour
e1438d8963458536f4dfd857a6eda2093bba9189563b35c7c1a510cbe1c061a5,-8.2471,114.3878,[],[],[]
614e566a9da8580324c287a8b8c59dd20db175d09fba6d6db59d99483e9e8fa1,-6.5945,106.789,"['Toko Jam Eterna', 'Sangrilla', 'Padang Rumah Makan', 'Apotek Kimia Farma', 'Pesona Lovebird Merdeka', 'Bintang terang', 'Gema Musika', 'Kids 2001', 'Kimia Farma', 'KIMIA FARMA MERDEKA', 'Elegance', 'Timur Jaya', 'Merdeka karpet', 'Wisma Batik', 'Sri Sura', 'Naga Makmur', 'Toko Mas Indah', 'Toko Mas Jaya', 'Toko Mas Murni Warna', 'Toko Mas Subur', 'Alfamart', 'Modern', 'Toko Baru', 'Toko sepeda', 'BASO LANGEN SUKO', 'Bata', 'Laboratorium Klinik Kimia Farma']","['In-market Electronics Buyer', 'In-market Furniture Buyer', 'Auto Modification Enthusiasts', 'Foodies', 'Beauty Enthusiasts', 'Frequent Fast Food Diners', 'Frequent Pizza Restaurant Visitors', 'Frequent Gym Goers', 'In-Market Insurance Buyers', 'Affluent Consumers', 'Commuters', 'Health Enthusiasts', 'Working Parents', 'Shopaholics', 'In-market Property Buyers', 'Home Movers', 'In-Market Academic Services', 'Frequent Supermarket Shoppers', 'Job Seekers', 'DIY Enthusiasts', 'Frequent Mall Shoppers', 'Jewelry Enthusiasts', 'Frequent Pharmacy shoppers', 'Beer Enthusiasts', 'In-Market Wedding Planning', 'Frequent Luxury Shopper', 'New Home Buyer', 'In-Market Appliance Shoppers', 'Tourist Diners', 'New Parents', 'Business Class Travellers']","['New Home Buyer', 'Home Movers', 'Frequent Luxury Shopper', 'In-market Furniture Buyer', 'In-Market Academic Services']"
b53a2b359d04f57f8f3891445c50e4f8dddd0d274af036f6c7bcd1b906034866,4.1343,96.1249,[],[],[]
6f2c0c9bfd6314163c231a4427d34ccec6de86e68d319d3d0d47fd784e6fc628,-6.9217,107.6071,"['Bri 1', 'Parkir Basement', 'Rollink', 'Washita Karya PT', 'Bank Mandiri Tbk PT Persero Asia Afrika Utara', 'Bank Rakyat Indonesia', 'Bank Rakyat Indonesia PT Persero Asia Afrika', 'Boseh registration booth', 'Ewka Music', 'Masjid Agung Raya Bandung', 'Alun- Alun Bandung', 'Alun-alun Selatan', 'Alun-alun utara']","['In-market Furniture Buyer', 'Auto Modification Enthusiasts', 'Parents', 'Frequent Gym Goers', 'In-Market Insurance Buyers', 'Affluent Consumers', 'Health Enthusiasts', 'Working Parents', 'In-Market Travel', 'In-market Property Buyers', 'Leisure Travellers', 'Home Movers', 'In-Market Academic Services', 'Job Seekers', 'Frequent Mall Shoppers', 'Frequent Local Mass Transit Traveler', 'In-Market Personal Loans', 'Tour Enthusiasts', 'Sports Enthusiasts', 'Frequent Luxury Shopper', 'New Home Buyer', 'Tourist Diners']","['Home Movers', 'In-Market Travel', 'In-Market Academic Services', 'Job Seekers', 'New Home Buyer']"
7cf468f43f553ef881685f4f5f1720fdcfb283887e84fc0c0e47b0321b5f3779,-5.152,119.437,"['Warung Pangkep Sop Saudara', 'Bank Negara Indonesia Tbk PT Persero', 'BANK PAPUA', 'Nikel Raya']","['In-Market Academic Services', 'Job Seekers', 'Foodies', 'Beauty Enthusiasts', 'In-Market Travel', 'New Home Buyer', 'Frequent Fast Food Diners', 'Frequent Pharmacy shoppers', 'Tourist Diners', 'In-Market Personal Loans', 'Frequent Gym Goers', 'Home Movers']","['Home Movers', 'New Home Buyer', 'Tourist Diners', 'In-Market Personal Loans', 'Beauty Enthusiasts']"
b0e56ac7b0d94921162cccbbf35676f3695bb924ea53d1fc11d3bb0a16673acb,-6.8711,109.1385,"['Sari Dewi Salon', 'SD NEGERI MANGKUKUSUMAN 4', 'Budhi', 'Oka Cell', 'Terra Komputer', 'Cahaya', 'Utami', 'Pak Suratno WM', 'Tommy Salon', 'Surabaya']","['In-market Electronics Buyer', 'In-Market Academic Services', 'Parents', 'Tech Enthusiasts', 'Parents of School Children', 'Job Seekers', 'In-Market Wedding Planning', 'Beauty Enthusiasts', 'Frequent Mall Shoppers', 'Foodies', 'Working Parents', 'New Home Buyer', 'In-Market Appliance Shoppers', 'Frequent Fast Food Diners', 'Tourist Diners', 'College Students', 'Home Movers']","['Home Movers', 'New Home Buyer', 'Job Seekers', 'Beauty Enthusiasts', 'In-Market Wedding Planning']"
f4d6658114ebb5325586b32a423a0ec04ca343b497957d3ec19372144a248b02,-8.6507,115.2124,[],[],[]
684e38cced6e43868be262d28a9fecb12654fa5bc97c2c083c53b032a6d0aa67,-6.2114,106.8446,"['Parisadha Buddha Dharma', 'Field Force', 'Bank Mandiri Tbk PT Persero', 'STAB Samantha Badra - NSI']","['Beer Enthusiasts', 'In-Market Academic Services', 'Job Seekers', 'Working Parents', 'In-Market Travel', 'In-Market Personal Loans', 'Home Movers']","['Home Movers', 'In-Market Academic Services', 'In-Market Travel', 'Job Seekers', 'Working Parents']"
9d64d3c00ee592cb323f28650eeefb6830a387dd36fcfbe055677bff54a952c0,-0.9076,119.8681,[],[],[]
deb6776d4d2ce7e82b19c88b823102403bf2ef514f466a67960359f8d7a1e277,-5.152,119.437,"['Warung Pangkep Sop Saudara', 'Bank Negara Indonesia Tbk PT Persero', 'BANK PAPUA', 'Nikel Raya']","['In-Market Academic Services', 'Job Seekers', 'Foodies', 'Beauty Enthusiasts', 'In-Market Travel', 'New Home Buyer', 'Frequent Fast Food Diners', 'Frequent Pharmacy shoppers', 'Tourist Diners', 'In-Market Personal Loans', 'Frequent Gym Goers', 'Home Movers']","['Home Movers', 'New Home Buyer', 'Tourist Diners', 'In-Market Personal Loans', 'Beauty Enthusiasts']"
27761f828e44ea3e02919c906fbd656608f4461c7c080d0f832c76eb75f338be,-8.6507,115.2124,[],[],[]
a08fb007b00c78555d757864ac29aa9e0945095e8c3b0ed0e347e7ee889b2d68,5.1806,97.1547,[],[],[]
e5076d21269dbb2e815e1e0aff8f3d560764fc20f76a45de68db92c0d4046620,-8.5842,116.1187,"['UNIVERSITAS ISLAM AL-AZHAR MATARAM', 'Sarana Kesehatan, Lab. Hepatika Mataram', 'PMI', 'Lombok Angerah Copy Shop', 'Warung Dua Belas Pas', 'CV. Rinati', 'Laboratorium Klinik Rayhana']","['Auto Modification Enthusiasts', 'Parents', 'Parents of School Children', 'Serviced Apartments Travellers', 'Foodies', 'Beauty Enthusiasts', 'Frequent Pizza Restaurant Visitors', 'Frequent Fast Food Diners', 'Frequent Gym Goers', 'In-Market Insurance Buyers', 'Working Parents', 'In-Market Travel', 'Home Movers', 'In-Market Academic Services', 'Frequent Supermarket Shoppers', 'Job Seekers', 'Frequent Pharmacy shoppers', 'Beer Enthusiasts', 'New Home Buyer', 'Tourist Diners', 'College Students', 'Business Class Travellers']","['In-Market Academic Services', 'Working Parents', 'Beauty Enthusiasts', 'Home Movers', 'Frequent Pharmacy shoppers']"
a3d3d0195a4062ef9d76d4715c4e417d92eefb991086bf6765fec477360d2094,-1.5985,103.6196,['Stadion Tri Lomba Juang'],"['In-Market Academic Services', 'Parents', 'Health Enthusiasts', 'Frequent Gym Goers', 'Sports Enthusiasts']","['Sports Enthusiasts', 'Frequent Gym Goers', 'Health Enthusiasts', 'In-Market Academic Services', 'Parents']"
e92413525962c7344078e34698b18a367d4a700de3a07bf065fbf62005eda639,-3.3219,114.5871,"['Air Mancur Menari', 'Pasar Kamboja']","['Beer Enthusiasts', 'Family Leisure Enthusiasts', 'Frequent Mall Shoppers', 'Frequent Luxury Shopper', 'Shopaholics', 'New Home Buyer', 'Tourist Diners', 'Frequent Gym Goers', 'Home Movers']","['New Home Buyer', 'Family Leisure Enthusiasts', 'Tourist Diners', 'Frequent Gym Goers', 'Beer Enthusiasts']"
b99c6307c60404c13b3cf37c31a941898f9c1dc49df8c168d19d2e1d64a10e1b,-6.2114,106.8446,"['Parisadha Buddha Dharma', 'Field Force', 'Bank Mandiri Tbk PT Persero', 'STAB Samantha Badra - NSI']","['Beer Enthusiasts', 'In-Market Academic Services', 'Job Seekers', 'Working Parents', 'In-Market Travel', 'In-Market Personal Loans', 'Home Movers']","['Home Movers', 'In-Market Academic Services', 'In-Market Travel', 'Job Seekers', 'Working Parents']"
ed1582775cc0d6565bbbfd44e34d569c174c3ec4c730d13f213607c1d3202086,-7.8711,111.4622,"['Jljn', 'Panggung Alon-alon', 'PONOROGO.TV', 'BOBA_AE', 'City Square Garden', 'Jagung Rebus/Godog 1 Alun-Alun', 'pasar malam alun-alun kota ponorogo', 'Paseban Alun-alun Ponorogo', 'Da dada sayang da selamat jalan']","['In-market Furniture Buyer', 'Parents', 'Parents of School Children', 'Foodies', 'Frequent Pizza Restaurant Visitors', 'Frequent Fast Food Diners', 'Frequent Gym Goers', 'Family Leisure Enthusiasts', 'In-Market Insurance Buyers', 'Health Enthusiasts', 'Working Parents', 'Shopaholics', 'In-market Property Buyers', 'Frequent Nightlife Visitors', 'Home Movers', 'In-Market Academic Services', 'Job Seekers', 'Frequent Supermarket Shoppers', 'Beer Enthusiasts', 'Frequent Luxury Shopper', 'New Home Buyer', 'In-Market Appliance Shoppers', 'Frequent Coffee Shop Visitors', 'New Parents']","['Home Movers', 'New Home Buyer', 'Working Parents', 'Parents', 'Family Leisure Enthusiasts']"
ecd6de3956c381b0f760ea5e6acc60116d93e369b9a68293e9539e682f1a041e,0.1328,117.4856,"['Kedai Pelangi Daffan', 'Cafe NurMila', 'Cuci Mobil Borneo']","['Beer Enthusiasts', 'Auto Modification Enthusiasts', 'In-Market Insurance Buyers', 'Commuters', 'Automobile Owners', 'Foodies', 'Frequent Pizza Restaurant Visitors', 'Frequent Fast Food Diners', 'Tourist Diners', 'Frequent Coffee Shop Visitors', 'Home Movers']","['Foodies', 'Beer Enthusiasts', 'Frequent Pizza Restaurant Visitors', 'Frequent Fast Food Diners', 'Frequent Coffee Shop Visitors']"
3bdc8348b0968f639381f50fa310efbc1a33e89b6cc5a79a965b8078211e25b4,3.5847,98.6629,"['Masjid Mukhlisin', 'SMP SWT GAJAH MADA', 'SMP SWASTA SRIWIJAYA', 'Kelurahan Jati', 'ATM  Bukopin', 'SDN 060884', 'Makam', 'SMAS GAJAH MADA', 'SMKS RAKSANA 1', 'SMKS RAKSANA 2', 'SMKS TI GAJAH MADA', 'SMK SWASTA GAJAH MADA', 'Bank Bukopin', 'Pemakaman', 'SMAS RAKSANA', 'SMK 2 SWASTA MULIA MEDAN']","['In-Market Academic Services', 'Parents', 'Parents of School Children', 'Job Seekers', 'Working Parents', 'Frequent Local Mass Transit Traveler', 'In-Market Travel', 'New Home Buyer', 'College Students', 'In-Market Personal Loans', 'Home Movers']","['In-Market Academic Services', 'Working Parents', 'Parents', 'College Students', 'Parents of School Children']"
7d694f0d6f1ba4ff46a2b91fc13e01455614dc849c782e36d876218998983f9f,-8.5842,116.1187,"['UNIVERSITAS ISLAM AL-AZHAR MATARAM', 'Sarana Kesehatan, Lab. Hepatika Mataram', 'PMI', 'Lombok Angerah Copy Shop', 'Warung Dua Belas Pas', 'CV. Rinati', 'Laboratorium Klinik Rayhana']","['Auto Modification Enthusiasts', 'Parents', 'Parents of School Children', 'Serviced Apartments Travellers', 'Foodies', 'Beauty Enthusiasts', 'Frequent Pizza Restaurant Visitors', 'Frequent Fast Food Diners', 'Frequent Gym Goers', 'In-Market Insurance Buyers', 'Working Parents', 'In-Market Travel', 'Home Movers', 'In-Market Academic Services', 'Frequent Supermarket Shoppers', 'Job Seekers', 'Frequent Pharmacy shoppers', 'Beer Enthusiasts', 'New Home Buyer', 'Tourist Diners', 'College Students', 'Business Class Travellers']","['In-Market Academic Services', 'Working Parents', 'Beauty Enthusiasts', 'Home Movers', 'Frequent Pharmacy shoppers']"
15c184b484c2aae6f4b8ad13e4f0af7d9e824ff02569c00d2881ec7a275012d0,-5.152,119.437,"['Warung Pangkep Sop Saudara', 'Bank Negara Indonesia Tbk PT Persero', 'BANK PAPUA', 'Nikel Raya']","['In-Market Academic Services', 'Job Seekers', 'Foodies', 'Beauty Enthusiasts', 'In-Market Travel', 'New Home Buyer', 'Frequent Fast Food Diners', 'Frequent Pharmacy shoppers', 'Tourist Diners', 'In-Market Personal Loans', 'Frequent Gym Goers', 'Home Movers']","['Home Movers', 'New Home Buyer', 'Tourist Diners', 'In-Market Personal Loans', 'Beauty Enthusiasts']"
1c2fa49c49d843c2f3b39d4ea54b714fb4b5c6345a13d58d6fed0e08a9bc0e75,-5.152,119.437,"['Warung Pangkep Sop Saudara', 'Bank Negara Indonesia Tbk PT Persero', 'BANK PAPUA', 'Nikel Raya']","['In-Market Academic Services', 'Job Seekers', 'Foodies', 'Beauty Enthusiasts', 'In-Market Travel', 'New Home Buyer', 'Frequent Fast Food Diners', 'Frequent Pharmacy shoppers', 'Tourist Diners', 'In-Market Personal Loans', 'Frequent Gym Goers', 'Home Movers']","['Home Movers', 'New Home Buyer', 'Tourist Diners', 'In-Market Personal Loans', 'Beauty Enthusiasts']"
4729c3b78727876433359b593cc98e02b7399bd64f272e66b03f93b3141bba80,-5.152,119.437,"['Warung Pangkep Sop Saudara', 'Bank Negara Indonesia Tbk PT Persero', 'BANK PAPUA', 'Nikel Raya']","['In-Market Academic Services', 'Job Seekers', 'Foodies', 'Beauty Enthusiasts', 'In-Market Travel', 'New Home Buyer', 'Frequent Fast Food Diners', 'Frequent Pharmacy shoppers', 'Tourist Diners', 'In-Market Personal Loans', 'Frequent Gym Goers', 'Home Movers']","['Home Movers', 'New Home Buyer', 'Tourist Diners', 'In-Market Personal Loans', 'Beauty Enthusiasts']"
3de8f4f4a01313185dd767c3dd932b40a535c847028ad514e850560db417d70f,-7.3267,108.3531,"['SKOTENG JAHE CRB', 'Warung Rano BB', 'Ciamis Rafflesia Park', 'ATM CIMB Niaga', 'Martabak Ramayana', 'Netral Elektronik', 'Netral Jaya Motor', 'Alfamart', 'Rabbani Ciamis Alun Alun', 'Angkringan Soearti', 'Kabupaten Ciamis', 'Ninja Xpress Ciamis', 'Nasi goreng laperpool']","['In-market Electronics Buyer', 'Auto Modification Enthusiasts', 'In-market Furniture Buyer', 'Foodies', 'Frequent Pizza Restaurant Visitors', 'Frequent Fast Food Diners', 'Theme Park Enthusiasts', 'In-Market Insurance Buyers', 'Working Parents', 'In-Market Travel', 'In-market Property Buyers', 'Leisure Travellers', 'Home Movers', 'In-Market Academic Services', 'DIY Enthusiasts', 'Frequent Supermarket Shoppers', 'Job Seekers', 'Frequent Mall Shoppers', 'Frequent Local Mass Transit Traveler', 'In-Market Personal Loans', 'Tour Enthusiasts', 'Beer Enthusiasts', 'Frequent Luxury Shopper', 'In-Market Appliance Shoppers', 'New Home Buyer', 'Tourist Diners', 'Frequent Coffee Shop Visitors', 'New Parents', 'Low Cost Airline Traveller']","['Frequent Fast Food Diners', 'Foodies', 'Frequent Pizza Restaurant Visitors', 'Home Movers', 'Beer Enthusiasts']"
8614d1bba62079a137c016332a05decda05dcd980edac4dcf7a4bc6cd6852567,3.5847,98.6629,"['Masjid Mukhlisin', 'SMP SWT GAJAH MADA', 'SMP SWASTA SRIWIJAYA', 'Kelurahan Jati', 'ATM  Bukopin', 'SDN 060884', 'Makam', 'SMAS GAJAH MADA', 'SMKS RAKSANA 1', 'SMKS RAKSANA 2', 'SMKS TI GAJAH MADA', 'SMK SWASTA GAJAH MADA', 'Bank Bukopin', 'Pemakaman', 'SMAS RAKSANA', 'SMK 2 SWASTA MULIA MEDAN']","['In-Market Academic Services', 'Parents', 'Parents of School Children', 'Job Seekers', 'Working Parents', 'Frequent Local Mass Transit Traveler', 'In-Market Travel', 'New Home Buyer', 'College Students', 'In-Market Personal Loans', 'Home Movers']","['In-Market Academic Services', 'Working Parents', 'Parents', 'College Students', 'Parents of School Children']"
d40a60c0cd96d5e8f836d6aafc4060eb60adcfabe19a7af848d466a6567fa7f0,-2.9146,104.7535,[],[],[]
a51ad4a2ed0a88e58183a1ffb1a919a989cae3555be8dafc6b3870b1bec7a422,-6.1699,106.803,"['Jl. Sanggau', 'Tanjung selor', 'Ikatan Notaris Indonesia', 'Musholla Nurul Hasanah', ""Masjid AI-Mu'minn""]","['In-Market Academic Services', 'Frequent Local Travellers', 'Commuters', 'Job Seekers', 'Frequent Local Mass Transit Traveler', 'Working Parents', 'In-Market Travel', 'New Home Buyer', 'Tourist Diners', 'Resort Hotel Visitors', '3 Star Hotel Travellers', 'Home Movers']","['Home Movers', 'In-Market Travel', 'Working Parents', 'In-Market Academic Services', 'Job Seekers']"
a5fb88d1fe189a135df18e20f9a1985c69f10887831997cf6c4e30a19d09502f,1.1568,104.047,[],[],[]
1447d1351c222c447134ee0dac67facc76d7ab46aa0945986d61522186c1963c,-7.2484,112.7419,"['Gudeg Pecel Bu Suharti', 'Bu Har ( Depot Gudeg)', 'Ahass', 'Sukucadang Toko', 'Sumber Agung', 'Suku Caang Toko', 'Utama Cell', 'Depot Nasi Campur Pojok Tambak Bayan', 'Depot Tambak Bayan', 'MIS HIDAYATUL WATHON', 'BCA Kcp Jagalan']","['Auto Modification Enthusiasts', 'In-market Electronics Buyer', 'Tech Enthusiasts', 'Parents', 'Parents of School Children', 'Foodies', 'Frequent Fast Food Diners', 'Frequent Pizza Restaurant Visitors', 'In-Market Insurance Buyers', 'Working Parents', 'In-Market Travel', 'Home Movers', 'In-Market Academic Services', 'Job Seekers', 'Frequent Mall Shoppers', 'In-Market Personal Loans', 'New Home Buyer', 'Tourist Diners', 'College Students']","['Home Movers', 'New Home Buyer', 'Foodies', 'Tourist Diners', 'Frequent Fast Food Diners']"
d4c3eb94dc601349953afe21bf53181f9ada435c92a7c616d0840dcd9b2d5589,-6.5945,106.789,"['Toko Jam Eterna', 'Sangrilla', 'Padang Rumah Makan', 'Apotek Kimia Farma', 'Pesona Lovebird Merdeka', 'Bintang terang', 'Gema Musika', 'Kids 2001', 'Kimia Farma', 'KIMIA FARMA MERDEKA', 'Elegance', 'Timur Jaya', 'Merdeka karpet', 'Wisma Batik', 'Sri Sura', 'Naga Makmur', 'Toko Mas Indah', 'Toko Mas Jaya', 'Toko Mas Murni Warna', 'Toko Mas Subur', 'Alfamart', 'Modern', 'Toko Baru', 'Toko sepeda', 'BASO LANGEN SUKO', 'Bata', 'Laboratorium Klinik Kimia Farma']","['In-market Electronics Buyer', 'In-market Furniture Buyer', 'Auto Modification Enthusiasts', 'Foodies', 'Beauty Enthusiasts', 'Frequent Fast Food Diners', 'Frequent Pizza Restaurant Visitors', 'Frequent Gym Goers', 'In-Market Insurance Buyers', 'Affluent Consumers', 'Commuters', 'Health Enthusiasts', 'Working Parents', 'Shopaholics', 'In-market Property Buyers', 'Home Movers', 'In-Market Academic Services', 'Frequent Supermarket Shoppers', 'Job Seekers', 'DIY Enthusiasts', 'Frequent Mall Shoppers', 'Jewelry Enthusiasts', 'Frequent Pharmacy shoppers', 'Beer Enthusiasts', 'In-Market Wedding Planning', 'Frequent Luxury Shopper', 'New Home Buyer', 'In-Market Appliance Shoppers', 'Tourist Diners', 'New Parents', 'Business Class Travellers']","['New Home Buyer', 'Home Movers', 'Frequent Luxury Shopper', 'In-market Furniture Buyer', 'In-Market Academic Services']"
472b60adc664599e7c4c118c24f8ee11dbae02e3403c00c72fcc6302c8f8b698,1.1568,104.047,[],[],[]
a0507731f1fe5495405444111240240a18735fb1897f41527626914be014e725,-6.9217,107.6071,"['Bri 1', 'Parkir Basement', 'Rollink', 'Washita Karya PT', 'Bank Mandiri Tbk PT Persero Asia Afrika Utara', 'Bank Rakyat Indonesia', 'Bank Rakyat Indonesia PT Persero Asia Afrika', 'Boseh registration booth', 'Ewka Music', 'Masjid Agung Raya Bandung', 'Alun- Alun Bandung', 'Alun-alun Selatan', 'Alun-alun utara']","['In-market Furniture Buyer', 'Auto Modification Enthusiasts', 'Parents', 'Frequent Gym Goers', 'In-Market Insurance Buyers', 'Affluent Consumers', 'Health Enthusiasts', 'Working Parents', 'In-Market Travel', 'In-market Property Buyers', 'Leisure Travellers', 'Home Movers', 'In-Market Academic Services', 'Job Seekers', 'Frequent Mall Shoppers', 'Frequent Local Mass Transit Traveler', 'In-Market Personal Loans', 'Tour Enthusiasts', 'Sports Enthusiasts', 'Frequent Luxury Shopper', 'New Home Buyer', 'Tourist Diners']","['Home Movers', 'In-Market Travel', 'In-Market Academic Services', 'Job Seekers', 'New Home Buyer']"
4ec6c92cb82d7e48d33d0a9b511b15e88d19883bae8a39b74751ed642b7b1c33,-7.2484,112.7419,"['Gudeg Pecel Bu Suharti', 'Bu Har ( Depot Gudeg)', 'Ahass', 'Sukucadang Toko', 'Sumber Agung', 'Suku Caang Toko', 'Utama Cell', 'Depot Nasi Campur Pojok Tambak Bayan', 'Depot Tambak Bayan', 'MIS HIDAYATUL WATHON', 'BCA Kcp Jagalan']","['Auto Modification Enthusiasts', 'In-market Electronics Buyer', 'Tech Enthusiasts', 'Parents', 'Parents of School Children', 'Foodies', 'Frequent Fast Food Diners', 'Frequent Pizza Restaurant Visitors', 'In-Market Insurance Buyers', 'Working Parents', 'In-Market Travel', 'Home Movers', 'In-Market Academic Services', 'Job Seekers', 'Frequent Mall Shoppers', 'In-Market Personal Loans', 'New Home Buyer', 'Tourist Diners', 'College Students']","['Home Movers', 'New Home Buyer', 'Foodies', 'Tourist Diners', 'Frequent Fast Food Diners']"
06708810380936111b96ac0e2f20546459ab5850a6d9bcc0483fd25f0cfea999,-6.2114,106.8446,"['Parisadha Buddha Dharma', 'Field Force', 'Bank Mandiri Tbk PT Persero', 'STAB Samantha Badra - NSI']","['Beer Enthusiasts', 'In-Market Academic Services', 'Job Seekers', 'Working Parents', 'In-Market Travel', 'In-Market Personal Loans', 'Home Movers']","['Home Movers', 'In-Market Academic Services', 'In-Market Travel', 'Job Seekers', 'Working Parents']"
1bb22d3db2e37a0b51cfb41d2e3c7f5a6d2b11cc6d6a3d477636718db480a3f4,-7.4604,112.4325,['Pmi /Utd Mojokerto'],"['Beauty Enthusiasts', 'Frequent Pharmacy shoppers', 'New Home Buyer', 'Frequent Gym Goers', 'Home Movers']","['Home Movers', 'Frequent Pharmacy shoppers', 'Beauty Enthusiasts', 'New Home Buyer', 'Frequent Gym Goers']"
6512830478055752a8afded06075018367308901b804fd72ebe5ae9c14c6e872,0.9167,104.4583,[],[],[]
e4612f34bd62839ebdccabb42527077ea0137e851ba860b05896a63ae0b85a81,-6.2352,106.9922,[],[],[]
0bec885f9c1af8872f5d534e2f8fdb0581378b5d8597a7442b518a1ec4ae085e,-7.2484,112.7419,"['Gudeg Pecel Bu Suharti', 'Bu Har ( Depot Gudeg)', 'Ahass', 'Sukucadang Toko', 'Sumber Agung', 'Suku Caang Toko', 'Utama Cell', 'Depot Nasi Campur Pojok Tambak Bayan', 'Depot Tambak Bayan', 'MIS HIDAYATUL WATHON', 'BCA Kcp Jagalan']","['Auto Modification Enthusiasts', 'In-market Electronics Buyer', 'Tech Enthusiasts', 'Parents', 'Parents of School Children', 'Foodies', 'Frequent Fast Food Diners', 'Frequent Pizza Restaurant Visitors', 'In-Market Insurance Buyers', 'Working Parents', 'In-Market Travel', 'Home Movers', 'In-Market Academic Services', 'Job Seekers', 'Frequent Mall Shoppers', 'In-Market Personal Loans', 'New Home Buyer', 'Tourist Diners', 'College Students']","['Home Movers', 'New Home Buyer', 'Foodies', 'Tourist Diners', 'Frequent Fast Food Diners']"
afb84763ce44a07f38645d416b771c8c3656404b6dd8f1643539eeea85b54452,-3.3219,114.5871,"['Air Mancur Menari', 'Pasar Kamboja']","['Beer Enthusiasts', 'Family Leisure Enthusiasts', 'Frequent Mall Shoppers', 'Frequent Luxury Shopper', 'Shopaholics', 'New Home Buyer', 'Tourist Diners', 'Frequent Gym Goers', 'Home Movers']","['New Home Buyer', 'Family Leisure Enthusiasts', 'Tourist Diners', 'Frequent Gym Goers', 'Beer Enthusiasts']"
2f2b5658afd242520d3ea413bf9125f5d5b1cdb836287cf8bbde330f4045e182,-6.2114,106.8446,"['Parisadha Buddha Dharma', 'Field Force', 'Bank Mandiri Tbk PT Persero', 'STAB Samantha Badra - NSI']","['Beer Enthusiasts', 'In-Market Academic Services', 'Job Seekers', 'Working Parents', 'In-Market Travel', 'In-Market Personal Loans', 'Home Movers']","['Home Movers', 'In-Market Academic Services', 'In-Market Travel', 'Job Seekers', 'Working Parents']"
7a0589ea0a1386260d66e59df80d7d256d7d5a6917ce447b2f27b9a34c7805ee,3.5847,98.6629,"['Masjid Mukhlisin', 'SMP SWT GAJAH MADA', 'SMP SWASTA SRIWIJAYA', 'Kelurahan Jati', 'ATM  Bukopin', 'SDN 060884', 'Makam', 'SMAS GAJAH MADA', 'SMKS RAKSANA 1', 'SMKS RAKSANA 2', 'SMKS TI GAJAH MADA', 'SMK SWASTA GAJAH MADA', 'Bank Bukopin', 'Pemakaman', 'SMAS RAKSANA', 'SMK 2 SWASTA MULIA MEDAN']","['In-Market Academic Services', 'Parents', 'Parents of School Children', 'Job Seekers', 'Working Parents', 'Frequent Local Mass Transit Traveler', 'In-Market Travel', 'New Home Buyer', 'College Students', 'In-Market Personal Loans', 'Home Movers']","['In-Market Academic Services', 'Working Parents', 'Parents', 'College Students', 'Parents of School Children']"
79d8f44399bbbd0981f9ad48eb8dbd867876c944e9af7488a026a0aefd0c6e11,-6.2352,106.9922,[],[],[]
29d7c3541557e77bb970672cdcb90652265293ce37f1fc320884b57ff544582f,-6.2114,106.8446,"['Parisadha Buddha Dharma', 'Field Force', 'Bank Mandiri Tbk PT Persero', 'STAB Samantha Badra - NSI']","['Beer Enthusiasts', 'In-Market Academic Services', 'Job Seekers', 'Working Parents', 'In-Market Travel', 'In-Market Personal Loans', 'Home Movers']","['Home Movers', 'In-Market Academic Services', 'In-Market Travel', 'Job Seekers', 'Working Parents']"
010a6f31c9a3c8ba36359093fb032e6336ab94c7a745dbd504d2edb36427f3de,-6.2352,106.9922,[],[],[]
e4fa702136dd0cc499d77fb65ca5970445367bc5c2cac20445c2d0493568fb82,-6.9217,107.6071,"['Bri 1', 'Parkir Basement', 'Rollink', 'Washita Karya PT', 'Bank Mandiri Tbk PT Persero Asia Afrika Utara', 'Bank Rakyat Indonesia', 'Bank Rakyat Indonesia PT Persero Asia Afrika', 'Boseh registration booth', 'Ewka Music', 'Masjid Agung Raya Bandung', 'Alun- Alun Bandung', 'Alun-alun Selatan', 'Alun-alun utara']","['In-market Furniture Buyer', 'Auto Modification Enthusiasts', 'Parents', 'Frequent Gym Goers', 'In-Market Insurance Buyers', 'Affluent Consumers', 'Health Enthusiasts', 'Working Parents', 'In-Market Travel', 'In-market Property Buyers', 'Leisure Travellers', 'Home Movers', 'In-Market Academic Services', 'Job Seekers', 'Frequent Mall Shoppers', 'Frequent Local Mass Transit Traveler', 'In-Market Personal Loans', 'Tour Enthusiasts', 'Sports Enthusiasts', 'Frequent Luxury Shopper', 'New Home Buyer', 'Tourist Diners']","['Home Movers', 'In-Market Travel', 'In-Market Academic Services', 'Job Seekers', 'New Home Buyer']"
c270622ad18309ed36a51658ab557e68f5ec5d7136c1cc5a989ffa9c4d45929f,-7.8035,110.3646,"['Kopi Walik', 'Martabak Internasional', 'Alun- Alun Utara']","['Beer Enthusiasts', 'In-Market Academic Services', 'Parents', 'Health Enthusiasts', 'Foodies', 'New Home Buyer', 'Frequent Pizza Restaurant Visitors', 'Frequent Fast Food Diners', 'Tourist Diners', 'Frequent Coffee Shop Visitors', 'Frequent Gym Goers', 'Home Movers', 'Sports Enthusiasts']","['Frequent Fast Food Diners', 'Foodies', 'Frequent Coffee Shop Visitors', 'Beer Enthusiasts', 'Frequent Pizza Restaurant Visitors']"
09d8485220d9fae28c43ae232dc1910eaab287a117c2ef3ad79562b6bf7fe418,-7.7053,110.0114,[],[],[]
a0619873e0f916fc4a83cc840de1bdf39154c60bc65f917cc353bbffae5fe9ac,-6.2114,106.8446,"['Parisadha Buddha Dharma', 'Field Force', 'Bank Mandiri Tbk PT Persero', 'STAB Samantha Badra - NSI']","['Beer Enthusiasts', 'In-Market Academic Services', 'Job Seekers', 'Working Parents', 'In-Market Travel', 'In-Market Personal Loans', 'Home Movers']","['Home Movers', 'In-Market Academic Services', 'In-Market Travel', 'Job Seekers', 'Working Parents']"
2bdb6105a6054da0c7b2f824fe44f0fe4689619e2ddf588b670adf0d06d1e903,-7.2484,112.7419,"['Gudeg Pecel Bu Suharti', 'Bu Har ( Depot Gudeg)', 'Ahass', 'Sukucadang Toko', 'Sumber Agung', 'Suku Caang Toko', 'Utama Cell', 'Depot Nasi Campur Pojok Tambak Bayan', 'Depot Tambak Bayan', 'MIS HIDAYATUL WATHON', 'BCA Kcp Jagalan']","['Auto Modification Enthusiasts', 'In-market Electronics Buyer', 'Tech Enthusiasts', 'Parents', 'Parents of School Children', 'Foodies', 'Frequent Fast Food Diners', 'Frequent Pizza Restaurant Visitors', 'In-Market Insurance Buyers', 'Working Parents', 'In-Market Travel', 'Home Movers', 'In-Market Academic Services', 'Job Seekers', 'Frequent Mall Shoppers', 'In-Market Personal Loans', 'New Home Buyer', 'Tourist Diners', 'College Students']","['Home Movers', 'New Home Buyer', 'Foodies', 'Tourist Diners', 'Frequent Fast Food Diners']"
b5973263e35ece4160423bbeebad31b2bbeb5f050f2cc25ebd390b8597be14cf,-1.261,116.8105,[],[],[]
9a1b1a0e89e54e8f68a99d21a221f6d4bebbef48b40dc6593c72a0f6cd9852e1,-6.9217,107.6071,"['Bri 1', 'Parkir Basement', 'Rollink', 'Washita Karya PT', 'Bank Mandiri Tbk PT Persero Asia Afrika Utara', 'Bank Rakyat Indonesia', 'Bank Rakyat Indonesia PT Persero Asia Afrika', 'Boseh registration booth', 'Ewka Music', 'Masjid Agung Raya Bandung', 'Alun- Alun Bandung', 'Alun-alun Selatan', 'Alun-alun utara']","['In-market Furniture Buyer', 'Auto Modification Enthusiasts', 'Parents', 'Frequent Gym Goers', 'In-Market Insurance Buyers', 'Affluent Consumers', 'Health Enthusiasts', 'Working Parents', 'In-Market Travel', 'In-market Property Buyers', 'Leisure Travellers', 'Home Movers', 'In-Market Academic Services', 'Job Seekers', 'Frequent Mall Shoppers', 'Frequent Local Mass Transit Traveler', 'In-Market Personal Loans', 'Tour Enthusiasts', 'Sports Enthusiasts', 'Frequent Luxury Shopper', 'New Home Buyer', 'Tourist Diners']","['Home Movers', 'In-Market Travel', 'In-Market Academic Services', 'Job Seekers', 'New Home Buyer']"
41ea1c8c8f34e263e4eb82be1416f8ae0f0f6a549cde69e899f13e203dbbb82c,-6.2114,106.8446,"['Parisadha Buddha Dharma', 'Field Force', 'Bank Mandiri Tbk PT Persero', 'STAB Samantha Badra - NSI']","['Beer Enthusiasts', 'In-Market Academic Services', 'Job Seekers', 'Working Parents', 'In-Market Travel', 'In-Market Personal Loans', 'Home Movers']","['Home Movers', 'In-Market Academic Services', 'In-Market Travel', 'Job Seekers', 'Working Parents']"
a0669f796233d75449aa03e47052d4b9f16aef1c5aaa1447bb3cd5f54237c581,-7.6459,112.9074,"['Sony Disc', 'Aa Penata Rambut', 'Irwan Motor', 'Badan Penelitian Nasional', 'Badan Pertanahan Nasional', 'Shasya Cell', 'Nusantara Motor']","['In-market Electronics Buyer', 'In-market Furniture Buyer', 'Auto Modification Enthusiasts', 'In-Market Academic Services', 'In-Market Insurance Buyers', 'Parents', 'Tech Enthusiasts', 'In-Market Wedding Planning', 'Job Seekers', 'Beauty Enthusiasts', 'Frequent Mall Shoppers', 'Working Parents', 'New Home Buyer', 'In-Market Appliance Shoppers', 'Home Movers']","['Home Movers', 'New Home Buyer', 'Job Seekers', 'In-Market Insurance Buyers', 'Auto Modification Enthusiasts']"
3120a649b63d3ed78c6ab8c7a44ed009b91d1153157c297868fb18c7b329ee3d,-7.8035,110.3646,"['Kopi Walik', 'Martabak Internasional', 'Alun- Alun Utara']","['Beer Enthusiasts', 'In-Market Academic Services', 'Parents', 'Health Enthusiasts', 'Foodies', 'New Home Buyer', 'Frequent Pizza Restaurant Visitors', 'Frequent Fast Food Diners', 'Tourist Diners', 'Frequent Coffee Shop Visitors', 'Frequent Gym Goers', 'Home Movers', 'Sports Enthusiasts']","['Frequent Fast Food Diners', 'Foodies', 'Frequent Coffee Shop Visitors', 'Beer Enthusiasts', 'Frequent Pizza Restaurant Visitors']"
929d55e8fa2d7791a13c2ea7f3a54defe80d95b7878557cbaf595cc8fe86ec3c,-6.9217,107.6071,"['Bri 1', 'Parkir Basement', 'Rollink', 'Washita Karya PT', 'Bank Mandiri Tbk PT Persero Asia Afrika Utara', 'Bank Rakyat Indonesia', 'Bank Rakyat Indonesia PT Persero Asia Afrika', 'Boseh registration booth', 'Ewka Music', 'Masjid Agung Raya Bandung', 'Alun- Alun Bandung', 'Alun-alun Selatan', 'Alun-alun utara']","['In-market Furniture Buyer', 'Auto Modification Enthusiasts', 'Parents', 'Frequent Gym Goers', 'In-Market Insurance Buyers', 'Affluent Consumers', 'Health Enthusiasts', 'Working Parents', 'In-Market Travel', 'In-market Property Buyers', 'Leisure Travellers', 'Home Movers', 'In-Market Academic Services', 'Job Seekers', 'Frequent Mall Shoppers', 'Frequent Local Mass Transit Traveler', 'In-Market Personal Loans', 'Tour Enthusiasts', 'Sports Enthusiasts', 'Frequent Luxury Shopper', 'New Home Buyer', 'Tourist Diners']","['Home Movers', 'In-Market Travel', 'In-Market Academic Services', 'Job Seekers', 'New Home Buyer']"
a6b18ad0651244d377d30fc40bb18ff8518f9dd1b731e3469bc7b1cc8ba8b4b0,3.5847,98.6629,"['Masjid Mukhlisin', 'SMP SWT GAJAH MADA', 'SMP SWASTA SRIWIJAYA', 'Kelurahan Jati', 'ATM  Bukopin', 'SDN 060884', 'Makam', 'SMAS GAJAH MADA', 'SMKS RAKSANA 1', 'SMKS RAKSANA 2', 'SMKS TI GAJAH MADA', 'SMK SWASTA GAJAH MADA', 'Bank Bukopin', 'Pemakaman', 'SMAS RAKSANA', 'SMK 2 SWASTA MULIA MEDAN']","['In-Market Academic Services', 'Parents', 'Parents of School Children', 'Job Seekers', 'Working Parents', 'Frequent Local Mass Transit Traveler', 'In-Market Travel', 'New Home Buyer', 'College Students', 'In-Market Personal Loans', 'Home Movers']","['In-Market Academic Services', 'Working Parents', 'Parents', 'College Students', 'Parents of School Children']"
4ee5882b2ce2aa993150dc20f748f05943baf7b9a4a69e4d844baf9d975d44ce,1.481,124.8518,"['Warung Lunamaya', 'Berkah Rumah Makan', 'Pegadaian Banjer', 'Warung Jatim Cak Amin', 'Gemstone Serba Dua Lima', 'Erina Salon', 'Titian', 'ATM', 'Sungai', 'Warung Banier', 'Warung Banjer', 'Muslim Lamongan Rumah Makan', 'Sheila Cellular', 'Waroeng Kopi Banjer', 'Radiva', 'Radiva 88', 'Radiya Auto 88', 'Radiya Home Stay', 'Anita E Dundu Dr Spkj', 'Nasi campur jawa timur palo sandiri', 'Alland Salon', 'Allond Salon']","['In-market Furniture Buyer', 'In-market Electronics Buyer', 'Auto Modification Enthusiasts', 'Parents', 'Tech Enthusiasts', 'Foodies', 'Beauty Enthusiasts', 'Chain Hotels Travellers', 'Frequent Fast Food Diners', 'Frequent Pizza Restaurant Visitors', 'Frequent Gym Goers', 'Frequent Local Travellers', 'In-Market Insurance Buyers', 'Health Enthusiasts', 'Working Parents', 'In-Market Travel', 'In-market Property Buyers', 'Home Movers', 'In-Market Academic Services', 'Job Seekers', 'DIY Enthusiasts', 'Frequent Mall Shoppers', 'Frequent Pharmacy shoppers', 'Resort Hotel Visitors', 'In-Market Personal Loans', 'Sports Enthusiasts', 'Beer Enthusiasts', 'In-Market Wedding Planning', 'New Home Buyer', 'Tourist Diners', 'Frequent Coffee Shop Visitors']","['Home Movers', 'New Home Buyer', 'Job Seekers', 'Tourist Diners', 'Foodies']"
c07dd843a212832ae306e22056c0b8e5c18c9ebb1d703ff2dd15e64c5fdd4856,-6.2114,106.8446,"['Parisadha Buddha Dharma', 'Field Force', 'Bank Mandiri Tbk PT Persero', 'STAB Samantha Badra - NSI']","['Beer Enthusiasts', 'In-Market Academic Services', 'Job Seekers', 'Working Parents', 'In-Market Travel', 'In-Market Personal Loans', 'Home Movers']","['Home Movers', 'In-Market Academic Services', 'In-Market Travel', 'Job Seekers', 'Working Parents']"
0707fb7b9f4042250e257ffddc30b2fcd473362365173121abed8a22b85da58e,-6.8922,107.5541,['MI NURUL HUDA'],"['In-Market Academic Services', 'Parents', 'Parents of School Children', 'Working Parents', 'College Students']","['In-Market Academic Services', 'Working Parents', 'Parents', 'Parents of School Children', 'College Students']"
6cd8f3f53fcf7326e0809b7cc68bde1d27b5867150f7af4fa5178e315ff37a5a,-6.5945,106.789,"['Toko Jam Eterna', 'Sangrilla', 'Padang Rumah Makan', 'Apotek Kimia Farma', 'Pesona Lovebird Merdeka', 'Bintang terang', 'Gema Musika', 'Kids 2001', 'Kimia Farma', 'KIMIA FARMA MERDEKA', 'Elegance', 'Timur Jaya', 'Merdeka karpet', 'Wisma Batik', 'Sri Sura', 'Naga Makmur', 'Toko Mas Indah', 'Toko Mas Jaya', 'Toko Mas Murni Warna', 'Toko Mas Subur', 'Alfamart', 'Modern', 'Toko Baru', 'Toko sepeda', 'BASO LANGEN SUKO', 'Bata', 'Laboratorium Klinik Kimia Farma']","['In-market Electronics Buyer', 'In-market Furniture Buyer', 'Auto Modification Enthusiasts', 'Foodies', 'Beauty Enthusiasts', 'Frequent Fast Food Diners', 'Frequent Pizza Restaurant Visitors', 'Frequent Gym Goers', 'In-Market Insurance Buyers', 'Affluent Consumers', 'Commuters', 'Health Enthusiasts', 'Working Parents', 'Shopaholics', 'In-market Property Buyers', 'Home Movers', 'In-Market Academic Services', 'Frequent Supermarket Shoppers', 'Job Seekers', 'DIY Enthusiasts', 'Frequent Mall Shoppers', 'Jewelry Enthusiasts', 'Frequent Pharmacy shoppers', 'Beer Enthusiasts', 'In-Market Wedding Planning', 'Frequent Luxury Shopper', 'New Home Buyer', 'In-Market Appliance Shoppers', 'Tourist Diners', 'New Parents', 'Business Class Travellers']","['New Home Buyer', 'Home Movers', 'Frequent Luxury Shopper', 'In-market Furniture Buyer', 'In-Market Academic Services']"
c15ae2b99d359a18eb5c44cb65ab4f4b18426d0131f62603260c9b2a1eb5361e,-6.9217,107.6071,"['Bri 1', 'Parkir Basement', 'Rollink', 'Washita Karya PT', 'Bank Mandiri Tbk PT Persero Asia Afrika Utara', 'Bank Rakyat Indonesia', 'Bank Rakyat Indonesia PT Persero Asia Afrika', 'Boseh registration booth', 'Ewka Music', 'Masjid Agung Raya Bandung', 'Alun- Alun Bandung', 'Alun-alun Selatan', 'Alun-alun utara']","['In-market Furniture Buyer', 'Auto Modification Enthusiasts', 'Parents', 'Frequent Gym Goers', 'In-Market Insurance Buyers', 'Affluent Consumers', 'Health Enthusiasts', 'Working Parents', 'In-Market Travel', 'In-market Property Buyers', 'Leisure Travellers', 'Home Movers', 'In-Market Academic Services', 'Job Seekers', 'Frequent Mall Shoppers', 'Frequent Local Mass Transit Traveler', 'In-Market Personal Loans', 'Tour Enthusiasts', 'Sports Enthusiasts', 'Frequent Luxury Shopper', 'New Home Buyer', 'Tourist Diners']","['Home Movers', 'In-Market Travel', 'In-Market Academic Services', 'Job Seekers', 'New Home Buyer']"
42c368ec110ba6509e37bacceaef2d4ffb166e17cc987afd2825c1f760ae842e,-6.9217,107.6071,"['Bri 1', 'Parkir Basement', 'Rollink', 'Washita Karya PT', 'Bank Mandiri Tbk PT Persero Asia Afrika Utara', 'Bank Rakyat Indonesia', 'Bank Rakyat Indonesia PT Persero Asia Afrika', 'Boseh registration booth', 'Ewka Music', 'Masjid Agung Raya Bandung', 'Alun- Alun Bandung', 'Alun-alun Selatan', 'Alun-alun utara']","['In-market Furniture Buyer', 'Auto Modification Enthusiasts', 'Parents', 'Frequent Gym Goers', 'In-Market Insurance Buyers', 'Affluent Consumers', 'Health Enthusiasts', 'Working Parents', 'In-Market Travel', 'In-market Property Buyers', 'Leisure Travellers', 'Home Movers', 'In-Market Academic Services', 'Job Seekers', 'Frequent Mall Shoppers', 'Frequent Local Mass Transit Traveler', 'In-Market Personal Loans', 'Tour Enthusiasts', 'Sports Enthusiasts', 'Frequent Luxury Shopper', 'New Home Buyer', 'Tourist Diners']","['Home Movers', 'In-Market Travel', 'In-Market Academic Services', 'Job Seekers', 'New Home Buyer']"
3c0737b0037c065cf5ccde23094ae68056621da48de377e5b2e5e3927a4c044a,-6.9217,107.6071,"['Bri 1', 'Parkir Basement', 'Rollink', 'Washita Karya PT', 'Bank Mandiri Tbk PT Persero Asia Afrika Utara', 'Bank Rakyat Indonesia', 'Bank Rakyat Indonesia PT Persero Asia Afrika', 'Boseh registration booth', 'Ewka Music', 'Masjid Agung Raya Bandung', 'Alun- Alun Bandung', 'Alun-alun Selatan', 'Alun-alun utara']","['In-market Furniture Buyer', 'Auto Modification Enthusiasts', 'Parents', 'Frequent Gym Goers', 'In-Market Insurance Buyers', 'Affluent Consumers', 'Health Enthusiasts', 'Working Parents', 'In-Market Travel', 'In-market Property Buyers', 'Leisure Travellers', 'Home Movers', 'In-Market Academic Services', 'Job Seekers', 'Frequent Mall Shoppers', 'Frequent Local Mass Transit Traveler', 'In-Market Personal Loans', 'Tour Enthusiasts', 'Sports Enthusiasts', 'Frequent Luxury Shopper', 'New Home Buyer', 'Tourist Diners']","['Home Movers', 'In-Market Travel', 'In-Market Academic Services', 'Job Seekers', 'New Home Buyer']"
d7147888d82dd75d38b8c26c4a0702158ac872a1a1901338c5e758bc04d2f243,-6.2352,106.9922,[],[],[]
b668a1fefb75540c5b9b4291dd62bd68f73fbc243218fa25a6f91219551d57ef,-10.1676,123.6107,[],[],[]
05653118c47d3759567820c14ff8316a8e19fcb8fad4c9cd2a84f8695605b02b,-7.2484,112.7419,"['Gudeg Pecel Bu Suharti', 'Bu Har ( Depot Gudeg)', 'Ahass', 'Sukucadang Toko', 'Sumber Agung', 'Suku Caang Toko', 'Utama Cell', 'Depot Nasi Campur Pojok Tambak Bayan', 'Depot Tambak Bayan', 'MIS HIDAYATUL WATHON', 'BCA Kcp Jagalan']","['Auto Modification Enthusiasts', 'In-market Electronics Buyer', 'Tech Enthusiasts', 'Parents', 'Parents of School Children', 'Foodies', 'Frequent Fast Food Diners', 'Frequent Pizza Restaurant Visitors', 'In-Market Insurance Buyers', 'Working Parents', 'In-Market Travel', 'Home Movers', 'In-Market Academic Services', 'Job Seekers', 'Frequent Mall Shoppers', 'In-Market Personal Loans', 'New Home Buyer', 'Tourist Diners', 'College Students']","['Home Movers', 'New Home Buyer', 'Foodies', 'Tourist Diners', 'Frequent Fast Food Diners']"
5b82f17adb71adade50791350e0e9e3fd1c927cfd7dd66b241c41cb972870dce,-7.4702,110.2213,"['rindam', 'Perusahaan Telekomunikasi', 'Koperasi Pusat', 'Makanan Depot', 'Wisnu Apotek', 'K Circle Toko', 'Argus Softlens Dab Optik Center', 'Bank Madiri', 'Bank Mandiri Tbk PT Persero', 'Kurnia Musik', 'Lapangan Tentara I Rindam IV Diponegoro']","['In-market Electronics Buyer', 'Parents', 'Foodies', 'Beauty Enthusiasts', 'Frequent Fast Food Diners', 'Frequent Gym Goers', 'Health Enthusiasts', 'Affluent Consumers', 'Shopaholics', 'In-Market Travel', 'Home Movers', 'In-Market Academic Services', 'Job Seekers', 'Frequent Supermarket Shoppers', 'Frequent Mall Shoppers', 'Frequent Pharmacy shoppers', 'In-Market Personal Loans', 'Sports Enthusiasts', 'Frequent Luxury Shopper', 'New Home Buyer', 'In-Market Appliance Shoppers', 'Tourist Diners']","['In-Market Academic Services', 'Home Movers', 'New Home Buyer', 'Job Seekers', 'In-Market Travel']"
563d6ab862c1ef2bc09bb81c0dfc056d80ec05a4f12fa465ed54e2b1e4dbdc3d,-2.9146,104.7535,[],[],[]
feecb496695bf4a655d4d9eaa09f6a4cac797b94672f4b8c049d56cc57d69eb6,-7.8711,111.4622,"['Jljn', 'Panggung Alon-alon', 'PONOROGO.TV', 'BOBA_AE', 'City Square Garden', 'Jagung Rebus/Godog 1 Alun-Alun', 'pasar malam alun-alun kota ponorogo', 'Paseban Alun-alun Ponorogo', 'Da dada sayang da selamat jalan']","['In-market Furniture Buyer', 'Parents', 'Parents of School Children', 'Foodies', 'Frequent Pizza Restaurant Visitors', 'Frequent Fast Food Diners', 'Frequent Gym Goers', 'Family Leisure Enthusiasts', 'In-Market Insurance Buyers', 'Health Enthusiasts', 'Working Parents', 'Shopaholics', 'In-market Property Buyers', 'Frequent Nightlife Visitors', 'Home Movers', 'In-Market Academic Services', 'Job Seekers', 'Frequent Supermarket Shoppers', 'Beer Enthusiasts', 'Frequent Luxury Shopper', 'New Home Buyer', 'In-Market Appliance Shoppers', 'Frequent Coffee Shop Visitors', 'New Parents']","['Home Movers', 'New Home Buyer', 'Working Parents', 'Parents', 'Family Leisure Enthusiasts']"
92848bbdf0aff102d63fece5c9ed21d4eaf25f19117e60b8b555b9f7b9b3c1df,-3.4109,114.8642,[],[],[]
ad5051e75866958aee102d7dbc4c1e4128749af27b9da64df5783f81e9204de7,-8.6218,122.2176,"['KOS BUJAK', 'Toko A and A Bangunan', 'Toko Sumber Cahaya', 'Toko METEOR', 'Danamon', 'Sarinah Rumah Makan', 'JOY COMPUTER']","['In-market Furniture Buyer', 'In-market Electronics Buyer', 'Foodies', 'Frequent Pizza Restaurant Visitors', 'Frequent Fast Food Diners', 'Frequent Local Travellers', 'In-Market Travel', 'In-market Property Buyers', 'Home Movers', 'DIY Enthusiasts', 'Frequent Local Mass Transit Traveler', 'Resort Hotel Visitors', 'In-Market Personal Loans', '3 Star Hotel Travellers', 'Beer Enthusiasts', 'New Home Buyer', 'In-Market Appliance Shoppers', 'Tourist Diners', 'New Parents']","['Home Movers', 'New Home Buyer', 'DIY Enthusiasts', 'In-Market Appliance Shoppers', 'In-market Electronics Buyer']"
228feec79be60c7d5a811ba9303a70f6fff9abd003b48a97c74199f49c0309c8,-5.152,119.437,"['Warung Pangkep Sop Saudara', 'Bank Negara Indonesia Tbk PT Persero', 'BANK PAPUA', 'Nikel Raya']","['In-Market Academic Services', 'Job Seekers', 'Foodies', 'Beauty Enthusiasts', 'In-Market Travel', 'New Home Buyer', 'Frequent Fast Food Diners', 'Frequent Pharmacy shoppers', 'Tourist Diners', 'In-Market Personal Loans', 'Frequent Gym Goers', 'Home Movers']","['Home Movers', 'New Home Buyer', 'Tourist Diners', 'In-Market Personal Loans', 'Beauty Enthusiasts']"
994b7d4815ae090ea8f4295afae875cbe8ce086224a5962f15b82daac7a6c0ba,-6.9217,107.6071,"['Bri 1', 'Parkir Basement', 'Rollink', 'Washita Karya PT', 'Bank Mandiri Tbk PT Persero Asia Afrika Utara', 'Bank Rakyat Indonesia', 'Bank Rakyat Indonesia PT Persero Asia Afrika', 'Boseh registration booth', 'Ewka Music', 'Masjid Agung Raya Bandung', 'Alun- Alun Bandung', 'Alun-alun Selatan', 'Alun-alun utara']","['In-market Furniture Buyer', 'Auto Modification Enthusiasts', 'Parents', 'Frequent Gym Goers', 'In-Market Insurance Buyers', 'Affluent Consumers', 'Health Enthusiasts', 'Working Parents', 'In-Market Travel', 'In-market Property Buyers', 'Leisure Travellers', 'Home Movers', 'In-Market Academic Services', 'Job Seekers', 'Frequent Mall Shoppers', 'Frequent Local Mass Transit Traveler', 'In-Market Personal Loans', 'Tour Enthusiasts', 'Sports Enthusiasts', 'Frequent Luxury Shopper', 'New Home Buyer', 'Tourist Diners']","['Home Movers', 'In-Market Travel', 'In-Market Academic Services', 'Job Seekers', 'New Home Buyer']"
de9840cf8e3ff7a5104edeb91875956809b62385f99b7c5526e7872ea5cb1406,-0.9497,100.3505,[],[],[]
42b4c680325ae2c210f75813144d7b7fa9d7a755372f3e36df8ee94fa8385f2f,-0.4931,117.1495,['Lapangan Sepak Bola'],"['In-Market Academic Services', 'Parents', 'Health Enthusiasts', 'Frequent Gym Goers', 'Sports Enthusiasts']","['Sports Enthusiasts', 'Frequent Gym Goers', 'Health Enthusiasts', 'In-Market Academic Services', 'Parents']"
392285bc083ee720e0a4eae1146dddc2158003b233b386d5f57b727e99ce90bc,-6.1728,106.8272,['Monumen Diponegoro'],"['Parents', 'Health Enthusiasts', 'Leisure Travellers', 'Frequent Gym Goers', 'Sports Enthusiasts']","['Sports Enthusiasts', 'Frequent Gym Goers', 'Health Enthusiasts', 'Leisure Travellers', 'Parents']"
00f8d3d161b49d4043d32e4ddc547eb8ef384410564b6c096e35e0084ee99da7,-7.2484,112.7419,"['Gudeg Pecel Bu Suharti', 'Bu Har ( Depot Gudeg)', 'Ahass', 'Sukucadang Toko', 'Sumber Agung', 'Suku Caang Toko', 'Utama Cell', 'Depot Nasi Campur Pojok Tambak Bayan', 'Depot Tambak Bayan', 'MIS HIDAYATUL WATHON', 'BCA Kcp Jagalan']","['Auto Modification Enthusiasts', 'In-market Electronics Buyer', 'Tech Enthusiasts', 'Parents', 'Parents of School Children', 'Foodies', 'Frequent Fast Food Diners', 'Frequent Pizza Restaurant Visitors', 'In-Market Insurance Buyers', 'Working Parents', 'In-Market Travel', 'Home Movers', 'In-Market Academic Services', 'Job Seekers', 'Frequent Mall Shoppers', 'In-Market Personal Loans', 'New Home Buyer', 'Tourist Diners', 'College Students']","['Home Movers', 'New Home Buyer', 'Foodies', 'Tourist Diners', 'Frequent Fast Food Diners']"
9565c2f38e3af90d33ea5eb6ea30220c137a41a6a8943f47c8ee6f351020bb2a,-6.2352,106.9922,[],[],[]
a669629636ca68d7c405cb5bc0f8941181dce1ff2bcb3d7d58a63e7c3f00abb4,0.5395,101.4457,[],[],[]
cacfb712562243ee6141cadfa40a73d6173c46250a6d083f337ac96e7ce81c08,-6.2114,106.8446,"['Parisadha Buddha Dharma', 'Field Force', 'Bank Mandiri Tbk PT Persero', 'STAB Samantha Badra - NSI']","['Beer Enthusiasts', 'In-Market Academic Services', 'Job Seekers', 'Working Parents', 'In-Market Travel', 'In-Market Personal Loans', 'Home Movers']","['Home Movers', 'In-Market Academic Services', 'In-Market Travel', 'Job Seekers', 'Working Parents']"
13ad6078c8e571391455983603906b81fc935a54ccb4b5d0194a14660ee84870,-6.2114,106.8446,"['Parisadha Buddha Dharma', 'Field Force', 'Bank Mandiri Tbk PT Persero', 'STAB Samantha Badra - NSI']","['Beer Enthusiasts', 'In-Market Academic Services', 'Job Seekers', 'Working Parents', 'In-Market Travel', 'In-Market Personal Loans', 'Home Movers']","['Home Movers', 'In-Market Academic Services', 'In-Market Travel', 'Job Seekers', 'Working Parents']"
27230a80509bab4f616490833ebc8fb92720165d6d8882cbe26061b82bb7d872,-6.5945,106.789,"['Toko Jam Eterna', 'Sangrilla', 'Padang Rumah Makan', 'Apotek Kimia Farma', 'Pesona Lovebird Merdeka', 'Bintang terang', 'Gema Musika', 'Kids 2001', 'Kimia Farma', 'KIMIA FARMA MERDEKA', 'Elegance', 'Timur Jaya', 'Merdeka karpet', 'Wisma Batik', 'Sri Sura', 'Naga Makmur', 'Toko Mas Indah', 'Toko Mas Jaya', 'Toko Mas Murni Warna', 'Toko Mas Subur', 'Alfamart', 'Modern', 'Toko Baru', 'Toko sepeda', 'BASO LANGEN SUKO', 'Bata', 'Laboratorium Klinik Kimia Farma']","['In-market Electronics Buyer', 'In-market Furniture Buyer', 'Auto Modification Enthusiasts', 'Foodies', 'Beauty Enthusiasts', 'Frequent Fast Food Diners', 'Frequent Pizza Restaurant Visitors', 'Frequent Gym Goers', 'In-Market Insurance Buyers', 'Affluent Consumers', 'Commuters', 'Health Enthusiasts', 'Working Parents', 'Shopaholics', 'In-market Property Buyers', 'Home Movers', 'In-Market Academic Services', 'Frequent Supermarket Shoppers', 'Job Seekers', 'DIY Enthusiasts', 'Frequent Mall Shoppers', 'Jewelry Enthusiasts', 'Frequent Pharmacy shoppers', 'Beer Enthusiasts', 'In-Market Wedding Planning', 'Frequent Luxury Shopper', 'New Home Buyer', 'In-Market Appliance Shoppers', 'Tourist Diners', 'New Parents', 'Business Class Travellers']","['New Home Buyer', 'Home Movers', 'Frequent Luxury Shopper', 'In-market Furniture Buyer', 'In-Market Academic Services']"
d2d07819af30e79d1cb1e3a295c800d8e6240657df321cef52932c0b40be2f25,-6.7808,107.2811,[],[],[]
605b52940f9ceecbd6c497ea8465f0e4d38ccd1402d12dee7e2f934a5f812e18,-8.1716,113.7052,[],[],[]
49a1d0bec3079b8b945d6fbda23dd3faf1367b85f537f5c4e1784dd7464d07e6,-3.3219,114.5871,"['Air Mancur Menari', 'Pasar Kamboja']","['Beer Enthusiasts', 'Family Leisure Enthusiasts', 'Frequent Mall Shoppers', 'Frequent Luxury Shopper', 'Shopaholics', 'New Home Buyer', 'Tourist Diners', 'Frequent Gym Goers', 'Home Movers']","['New Home Buyer', 'Family Leisure Enthusiasts', 'Tourist Diners', 'Frequent Gym Goers', 'Beer Enthusiasts']"
97bf0ea539bc88517a03c3f9ed7b155fdf9fe4c7841c40e5de6c0c795babc6c7,-2.9146,104.7535,[],[],[]
1ffbd9eed00614df32e19dda6d73f76025c256a80ba2df5ed587bf1bb9068460,-6.9217,107.6071,"['Bri 1', 'Parkir Basement', 'Rollink', 'Washita Karya PT', 'Bank Mandiri Tbk PT Persero Asia Afrika Utara', 'Bank Rakyat Indonesia', 'Bank Rakyat Indonesia PT Persero Asia Afrika', 'Boseh registration booth', 'Ewka Music', 'Masjid Agung Raya Bandung', 'Alun- Alun Bandung', 'Alun-alun Selatan', 'Alun-alun utara']","['In-market Furniture Buyer', 'Auto Modification Enthusiasts', 'Parents', 'Frequent Gym Goers', 'In-Market Insurance Buyers', 'Affluent Consumers', 'Health Enthusiasts', 'Working Parents', 'In-Market Travel', 'In-market Property Buyers', 'Leisure Travellers', 'Home Movers', 'In-Market Academic Services', 'Job Seekers', 'Frequent Mall Shoppers', 'Frequent Local Mass Transit Traveler', 'In-Market Personal Loans', 'Tour Enthusiasts', 'Sports Enthusiasts', 'Frequent Luxury Shopper', 'New Home Buyer', 'Tourist Diners']","['Home Movers', 'In-Market Travel', 'In-Market Academic Services', 'Job Seekers', 'New Home Buyer']"
eaf02b64236b89c5fc15feec06ca8d3935688b4c26447e2181c0d026e8e96bfe,-0.031,109.3257,"['Handayani', 'Darul Falah']","['In-Market Academic Services', 'Job Seekers', 'Working Parents', 'In-Market Travel', 'Home Movers']","['Home Movers', 'Job Seekers', 'In-Market Academic Services', 'Working Parents', 'In-Market Travel']"
c5b4520a569fe463279ae64bc76516a4082fae9e6afe05788c1406058e734e96,-8.59,116.11,"['BIMBINGAN BELAJAR DLC', 'BKKBN', 'Karang sukun']","['In-Market Academic Services', 'Parents', 'Parents of School Children', 'Job Seekers', 'Working Parents', 'In-Market Travel', 'New Home Buyer', 'College Students', 'Home Movers']","['In-Market Academic Services', 'Working Parents', 'Home Movers', 'Job Seekers', 'Parents']"
7452e5c36f709b20039e1fa3d42b77d2d2cf967903781bdea63084f0b4f42bf4,-7.1461,111.8815,"['Kamto E&', 'Textiel Dewa Dewi Toko', 'Textiel & Konveksi Warna- Warni Toko']","['Beer Enthusiasts', 'In-market Furniture Buyer', 'Affluent Consumers', 'Foodies', 'Frequent Mall Shoppers', 'Frequent Luxury Shopper', 'New Home Buyer', 'Frequent Pizza Restaurant Visitors', 'Frequent Fast Food Diners', 'Frequent Coffee Shop Visitors']","['Affluent Consumers', 'New Home Buyer', 'Frequent Mall Shoppers', 'Frequent Luxury Shopper', 'In-market Furniture Buyer']"
f58f31dfc57001100fe7f80c5698eaa816617778ef66582255f1a115ab2e116f,-7.4702,110.2213,"['rindam', 'Perusahaan Telekomunikasi', 'Koperasi Pusat', 'Makanan Depot', 'Wisnu Apotek', 'K Circle Toko', 'Argus Softlens Dab Optik Center', 'Bank Madiri', 'Bank Mandiri Tbk PT Persero', 'Kurnia Musik', 'Lapangan Tentara I Rindam IV Diponegoro']","['In-market Electronics Buyer', 'Parents', 'Foodies', 'Beauty Enthusiasts', 'Frequent Fast Food Diners', 'Frequent Gym Goers', 'Health Enthusiasts', 'Affluent Consumers', 'Shopaholics', 'In-Market Travel', 'Home Movers', 'In-Market Academic Services', 'Job Seekers', 'Frequent Supermarket Shoppers', 'Frequent Mall Shoppers', 'Frequent Pharmacy shoppers', 'In-Market Personal Loans', 'Sports Enthusiasts', 'Frequent Luxury Shopper', 'New Home Buyer', 'In-Market Appliance Shoppers', 'Tourist Diners']","['In-Market Academic Services', 'Home Movers', 'New Home Buyer', 'Job Seekers', 'In-Market Travel']"
1475ac4d83354f0a240ef0f12b9d6fd8cb873bb6b303fc72f1d4d01e5eff0f05,-7.8175,112.019,"['Mirasa 2 RM', 'Kresna Reksa Finance PT', 'Aha Digital Printing', 'Chicken Aroma', 'Risolles Monster and Pisang Palm Crispy', 'SD INPRES YP ASSAIDIYYAH', 'ATM  Mandiri', 'Rujak Cingur Mbok Bo', 'Tahu Kediri', 'Bandar Laptop', 'Alat Motor Toko', 'Service HP', 'Service Senter', 'Bussan Auto Finance', 'Hause Beauty Salon', 'Quick Chicken']","['In-market Electronics Buyer', 'Auto Modification Enthusiasts', 'Parents', 'Tech Enthusiasts', 'Parents of School Children', 'Foodies', 'Beauty Enthusiasts', 'Frequent Fast Food Diners', 'Frequent Pizza Restaurant Visitors', 'In-Market Insurance Buyers', 'Working Parents', 'In-Market Travel', 'Home Movers', 'In-Market Academic Services', 'Job Seekers', 'Frequent Mall Shoppers', 'In-Market Personal Loans', 'Beer Enthusiasts', 'In-Market Wedding Planning', 'New Home Buyer', 'In-Market Appliance Shoppers', 'Tourist Diners', 'College Students', 'Frequent Coffee Shop Visitors']","['New Home Buyer', 'Home Movers', 'Job Seekers', 'Foodies', 'Frequent Fast Food Diners']"
9565c2f38e3af90d33ea5eb6ea30220c137a41a6a8943f47c8ee6f351020bb2a,-6.2114,106.8446,"['Parisadha Buddha Dharma', 'Field Force', 'Bank Mandiri Tbk PT Persero', 'STAB Samantha Badra - NSI']","['Beer Enthusiasts', 'In-Market Academic Services', 'Job Seekers', 'Working Parents', 'In-Market Travel', 'In-Market Personal Loans', 'Home Movers']","['Home Movers', 'In-Market Academic Services', 'In-Market Travel', 'Job Seekers', 'Working Parents']"
1b9d99fd01ebde78f57a84449ca6ca8f9459b6137512751e659d5c988ce3145d,-6.9932,110.4215,"['UNDIP Pleburan', 'Hai Coffee Space', 'PT MOLLY SENTOSA INDONESIA', 'ATM  Bni', 'ATM  Bri', 'ATM BRI Setoran Tunai', 'Erlangga Post Office', 'Kantor DPRD Jateng', 'Citibank', 'Citibank Indonesia', 'Badan Pusat Statistik Provinsi Jawa Tengah', 'Kantor Pos Erlangga', 'Patung Diponegoro']","['In-market Electronics Buyer', 'Parents', 'Foodies', 'Frequent Pizza Restaurant Visitors', 'Frequent Fast Food Diners', 'Frequent Gym Goers', 'Commuters', 'Health Enthusiasts', 'Working Parents', 'In-Market Travel', 'Home Movers', 'In-Market Academic Services', 'Job Seekers', 'Frequent Local Mass Transit Traveler', 'In-Market Personal Loans', 'Sports Enthusiasts', 'Beer Enthusiasts', 'New Home Buyer', 'Tourist Diners', 'Frequent Coffee Shop Visitors', 'Low Cost Airline Traveller']","['Home Movers', 'In-Market Academic Services', 'Job Seekers', 'In-Market Travel', 'Frequent Local Mass Transit Traveler']"
cc11f64825ec61a2241c92e0f30b067d8631f53b0004eaa69cc9340cbe6a17c5,1.481,124.8518,"['Warung Lunamaya', 'Berkah Rumah Makan', 'Pegadaian Banjer', 'Warung Jatim Cak Amin', 'Gemstone Serba Dua Lima', 'Erina Salon', 'Titian', 'ATM', 'Sungai', 'Warung Banier', 'Warung Banjer', 'Muslim Lamongan Rumah Makan', 'Sheila Cellular', 'Waroeng Kopi Banjer', 'Radiva', 'Radiva 88', 'Radiya Auto 88', 'Radiya Home Stay', 'Anita E Dundu Dr Spkj', 'Nasi campur jawa timur palo sandiri', 'Alland Salon', 'Allond Salon']","['In-market Furniture Buyer', 'In-market Electronics Buyer', 'Auto Modification Enthusiasts', 'Parents', 'Tech Enthusiasts', 'Foodies', 'Beauty Enthusiasts', 'Chain Hotels Travellers', 'Frequent Fast Food Diners', 'Frequent Pizza Restaurant Visitors', 'Frequent Gym Goers', 'Frequent Local Travellers', 'In-Market Insurance Buyers', 'Health Enthusiasts', 'Working Parents', 'In-Market Travel', 'In-market Property Buyers', 'Home Movers', 'In-Market Academic Services', 'Job Seekers', 'DIY Enthusiasts', 'Frequent Mall Shoppers', 'Frequent Pharmacy shoppers', 'Resort Hotel Visitors', 'In-Market Personal Loans', 'Sports Enthusiasts', 'Beer Enthusiasts', 'In-Market Wedding Planning', 'New Home Buyer', 'Tourist Diners', 'Frequent Coffee Shop Visitors']","['Home Movers', 'New Home Buyer', 'Job Seekers', 'Tourist Diners', 'Foodies']"
6ddff63a218bae906bf931d030a867ec02a1241c48d2cd20006d10f0c741ddb0,-6.9217,107.6071,"['Bri 1', 'Parkir Basement', 'Rollink', 'Washita Karya PT', 'Bank Mandiri Tbk PT Persero Asia Afrika Utara', 'Bank Rakyat Indonesia', 'Bank Rakyat Indonesia PT Persero Asia Afrika', 'Boseh registration booth', 'Ewka Music', 'Masjid Agung Raya Bandung', 'Alun- Alun Bandung', 'Alun-alun Selatan', 'Alun-alun utara']","['In-market Furniture Buyer', 'Auto Modification Enthusiasts', 'Parents', 'Frequent Gym Goers', 'In-Market Insurance Buyers', 'Affluent Consumers', 'Health Enthusiasts', 'Working Parents', 'In-Market Travel', 'In-market Property Buyers', 'Leisure Travellers', 'Home Movers', 'In-Market Academic Services', 'Job Seekers', 'Frequent Mall Shoppers', 'Frequent Local Mass Transit Traveler', 'In-Market Personal Loans', 'Tour Enthusiasts', 'Sports Enthusiasts', 'Frequent Luxury Shopper', 'New Home Buyer', 'Tourist Diners']","['Home Movers', 'In-Market Travel', 'In-Market Academic Services', 'Job Seekers', 'New Home Buyer']"
606032ad52d853b7a4cbc47a59e665aeb56c3599ee9f6b19b2d0c700239f2304,-6.2352,106.9922,[],[],[]
c76c3dc7457bca9e78a86ca2132461d7d2ea15f41cc42aa4386202b58d1f0876,3.3157,117.5947,[],[],[]
fa23258eeaa41f085884ae309898af27953ad956a77ec45c3ad04bc6f2f701ef,-6.9217,107.6071,"['Bri 1', 'Parkir Basement', 'Rollink', 'Washita Karya PT', 'Bank Mandiri Tbk PT Persero Asia Afrika Utara', 'Bank Rakyat Indonesia', 'Bank Rakyat Indonesia PT Persero Asia Afrika', 'Boseh registration booth', 'Ewka Music', 'Masjid Agung Raya Bandung', 'Alun- Alun Bandung', 'Alun-alun Selatan', 'Alun-alun utara']","['In-market Furniture Buyer', 'Auto Modification Enthusiasts', 'Parents', 'Frequent Gym Goers', 'In-Market Insurance Buyers', 'Affluent Consumers', 'Health Enthusiasts', 'Working Parents', 'In-Market Travel', 'In-market Property Buyers', 'Leisure Travellers', 'Home Movers', 'In-Market Academic Services', 'Job Seekers', 'Frequent Mall Shoppers', 'Frequent Local Mass Transit Traveler', 'In-Market Personal Loans', 'Tour Enthusiasts', 'Sports Enthusiasts', 'Frequent Luxury Shopper', 'New Home Buyer', 'Tourist Diners']","['Home Movers', 'In-Market Travel', 'In-Market Academic Services', 'Job Seekers', 'New Home Buyer']"
73b19c3ff94ec0c97bce79d6f0dfd25ef604a9050e4461fff9d26adc58bef370,-0.9076,119.8681,[],[],[]
